file,true,pred
cat.2000.jpg,cats,cats
cat.2001.jpg,cats,cats
cat.2002.jpg,cats,cats
cat.2003.jpg,cats,cats
cat.2004.jpg,cats,cats
cat.2005.jpg,cats,cats
cat.2006.jpg,cats,dogs
cat.2007.jpg,cats,cats
cat.2008.jpg,cats,cats
cat.2009.jpg,cats,dogs
cat.2010.jpg,cats,cats
cat.2011.jpg,cats,cats
cat.2012.jpg,cats,cats
cat.2013.jpg,cats,cats
cat.2014.jpg,cats,cats
cat.2015.jpg,cats,cats
cat.2016.jpg,cats,cats
cat.2017.jpg,cats,cats
cat.2018.jpg,cats,cats
cat.2019.jpg,cats,cats
cat.2020.jpg,cats,cats
cat.2021.jpg,cats,cats
cat.2022.jpg,cats,cats
cat.2023.jpg,cats,cats
cat.2024.jpg,cats,cats
cat.2025.jpg,cats,cats
cat.2026.jpg,cats,cats
cat.2027.jpg,cats,cats
cat.2028.jpg,cats,cats
cat.2029.jpg,cats,dogs
cat.2030.jpg,cats,cats
cat.2031.jpg,cats,cats
cat.2032.jpg,cats,cats
cat.2033.jpg,cats,cats
cat.2034.jpg,cats,cats
cat.2035.jpg,cats,cats
cat.2036.jpg,cats,cats
cat.2037.jpg,cats,cats
cat.2038.jpg,cats,cats
cat.2039.jpg,cats,cats
cat.2040.jpg,cats,cats
cat.2041.jpg,cats,cats
cat.2042.jpg,cats,cats
cat.2043.jpg,cats,cats
cat.2044.jpg,cats,cats
cat.2045.jpg,cats,cats
cat.2046.jpg,cats,cats
cat.2047.jpg,cats,dogs
cat.2048.jpg,cats,cats
cat.2049.jpg,cats,cats
cat.2050.jpg,cats,cats
cat.2051.jpg,cats,cats
cat.2052.jpg,cats,cats
cat.2053.jpg,cats,cats
cat.2054.jpg,cats,cats
cat.2055.jpg,cats,cats
cat.2056.jpg,cats,cats
cat.2057.jpg,cats,cats
cat.2058.jpg,cats,cats
cat.2059.jpg,cats,cats
cat.2060.jpg,cats,dogs
cat.2061.jpg,cats,dogs
cat.2062.jpg,cats,cats
cat.2063.jpg,cats,cats
cat.2064.jpg,cats,cats
cat.2065.jpg,cats,cats
cat.2066.jpg,cats,cats
cat.2067.jpg,cats,cats
cat.2068.jpg,cats,cats
cat.2069.jpg,cats,cats
cat.2070.jpg,cats,cats
cat.2071.jpg,cats,cats
cat.2072.jpg,cats,cats
cat.2073.jpg,cats,cats
cat.2074.jpg,cats,cats
cat.2075.jpg,cats,cats
cat.2076.jpg,cats,cats
cat.2077.jpg,cats,cats
cat.2078.jpg,cats,cats
cat.2079.jpg,cats,cats
cat.2080.jpg,cats,cats
cat.2081.jpg,cats,cats
cat.2082.jpg,cats,cats
cat.2083.jpg,cats,cats
cat.2084.jpg,cats,cats
cat.2085.jpg,cats,dogs
cat.2086.jpg,cats,cats
cat.2087.jpg,cats,cats
cat.2088.jpg,cats,cats
cat.2089.jpg,cats,cats
cat.2090.jpg,cats,cats
cat.2091.jpg,cats,cats
cat.2092.jpg,cats,cats
cat.2093.jpg,cats,cats
cat.2094.jpg,cats,cats
cat.2095.jpg,cats,cats
cat.2096.jpg,cats,cats
cat.2097.jpg,cats,cats
cat.2098.jpg,cats,cats
cat.2099.jpg,cats,cats
cat.2100.jpg,cats,cats
cat.2101.jpg,cats,cats
cat.2102.jpg,cats,cats
cat.2103.jpg,cats,cats
cat.2104.jpg,cats,cats
cat.2105.jpg,cats,cats
cat.2106.jpg,cats,cats
cat.2107.jpg,cats,cats
cat.2108.jpg,cats,cats
cat.2109.jpg,cats,cats
cat.2110.jpg,cats,cats
cat.2111.jpg,cats,cats
cat.2112.jpg,cats,cats
cat.2113.jpg,cats,cats
cat.2114.jpg,cats,cats
cat.2115.jpg,cats,cats
cat.2116.jpg,cats,cats
cat.2117.jpg,cats,cats
cat.2118.jpg,cats,cats
cat.2119.jpg,cats,dogs
cat.2120.jpg,cats,cats
cat.2121.jpg,cats,cats
cat.2122.jpg,cats,cats
cat.2123.jpg,cats,cats
cat.2124.jpg,cats,cats
cat.2125.jpg,cats,cats
cat.2126.jpg,cats,cats
cat.2127.jpg,cats,cats
cat.2128.jpg,cats,cats
cat.2129.jpg,cats,cats
cat.2130.jpg,cats,dogs
cat.2131.jpg,cats,cats
cat.2132.jpg,cats,cats
cat.2133.jpg,cats,cats
cat.2134.jpg,cats,cats
cat.2135.jpg,cats,cats
cat.2136.jpg,cats,cats
cat.2137.jpg,cats,cats
cat.2138.jpg,cats,cats
cat.2139.jpg,cats,cats
cat.2140.jpg,cats,cats
cat.2141.jpg,cats,cats
cat.2142.jpg,cats,cats
cat.2143.jpg,cats,dogs
cat.2144.jpg,cats,cats
cat.2145.jpg,cats,cats
cat.2146.jpg,cats,cats
cat.2147.jpg,cats,cats
cat.2148.jpg,cats,cats
cat.2149.jpg,cats,cats
cat.2150.jpg,cats,dogs
cat.2151.jpg,cats,cats
cat.2152.jpg,cats,cats
cat.2153.jpg,cats,cats
cat.2154.jpg,cats,cats
cat.2155.jpg,cats,cats
cat.2156.jpg,cats,cats
cat.2157.jpg,cats,cats
cat.2158.jpg,cats,cats
cat.2159.jpg,cats,cats
cat.2160.jpg,cats,cats
cat.2161.jpg,cats,cats
cat.2162.jpg,cats,cats
cat.2163.jpg,cats,cats
cat.2164.jpg,cats,cats
cat.2165.jpg,cats,dogs
cat.2166.jpg,cats,cats
cat.2167.jpg,cats,cats
cat.2168.jpg,cats,cats
cat.2169.jpg,cats,cats
cat.2170.jpg,cats,cats
cat.2171.jpg,cats,cats
cat.2172.jpg,cats,cats
cat.2173.jpg,cats,cats
cat.2174.jpg,cats,cats
cat.2175.jpg,cats,cats
cat.2176.jpg,cats,cats
cat.2177.jpg,cats,cats
cat.2178.jpg,cats,cats
cat.2179.jpg,cats,cats
cat.2180.jpg,cats,cats
cat.2181.jpg,cats,cats
cat.2182.jpg,cats,cats
cat.2183.jpg,cats,cats
cat.2184.jpg,cats,cats
cat.2185.jpg,cats,cats
cat.2186.jpg,cats,cats
cat.2187.jpg,cats,cats
cat.2188.jpg,cats,cats
cat.2189.jpg,cats,dogs
cat.2190.jpg,cats,cats
cat.2191.jpg,cats,dogs
cat.2192.jpg,cats,cats
cat.2193.jpg,cats,cats
cat.2194.jpg,cats,cats
cat.2195.jpg,cats,cats
cat.2196.jpg,cats,cats
cat.2197.jpg,cats,cats
cat.2198.jpg,cats,cats
cat.2199.jpg,cats,cats
cat.2200.jpg,cats,cats
cat.2201.jpg,cats,cats
cat.2202.jpg,cats,cats
cat.2203.jpg,cats,cats
cat.2204.jpg,cats,cats
cat.2205.jpg,cats,cats
cat.2206.jpg,cats,cats
cat.2207.jpg,cats,cats
cat.2208.jpg,cats,cats
cat.2209.jpg,cats,cats
cat.2210.jpg,cats,cats
cat.2211.jpg,cats,cats
cat.2212.jpg,cats,cats
cat.2213.jpg,cats,cats
cat.2214.jpg,cats,cats
cat.2215.jpg,cats,cats
cat.2216.jpg,cats,cats
cat.2217.jpg,cats,cats
cat.2218.jpg,cats,cats
cat.2219.jpg,cats,cats
cat.2220.jpg,cats,cats
cat.2221.jpg,cats,cats
cat.2222.jpg,cats,cats
cat.2223.jpg,cats,cats
cat.2224.jpg,cats,cats
cat.2225.jpg,cats,cats
cat.2226.jpg,cats,cats
cat.2227.jpg,cats,cats
cat.2228.jpg,cats,cats
cat.2229.jpg,cats,cats
cat.2230.jpg,cats,cats
cat.2231.jpg,cats,cats
cat.2232.jpg,cats,cats
cat.2233.jpg,cats,cats
cat.2234.jpg,cats,cats
cat.2235.jpg,cats,cats
cat.2236.jpg,cats,cats
cat.2237.jpg,cats,cats
cat.2238.jpg,cats,cats
cat.2239.jpg,cats,dogs
cat.2240.jpg,cats,cats
cat.2241.jpg,cats,cats
cat.2242.jpg,cats,cats
cat.2243.jpg,cats,cats
cat.2244.jpg,cats,cats
cat.2245.jpg,cats,cats
cat.2246.jpg,cats,cats
cat.2247.jpg,cats,cats
cat.2248.jpg,cats,cats
cat.2249.jpg,cats,cats
cat.2250.jpg,cats,cats
cat.2251.jpg,cats,cats
cat.2252.jpg,cats,cats
cat.2253.jpg,cats,cats
cat.2254.jpg,cats,cats
cat.2255.jpg,cats,cats
cat.2256.jpg,cats,cats
cat.2257.jpg,cats,cats
cat.2258.jpg,cats,cats
cat.2259.jpg,cats,cats
cat.2260.jpg,cats,cats
cat.2261.jpg,cats,cats
cat.2262.jpg,cats,cats
cat.2263.jpg,cats,cats
cat.2264.jpg,cats,cats
cat.2265.jpg,cats,cats
cat.2266.jpg,cats,cats
cat.2267.jpg,cats,dogs
cat.2268.jpg,cats,cats
cat.2269.jpg,cats,cats
cat.2270.jpg,cats,cats
cat.2271.jpg,cats,cats
cat.2272.jpg,cats,cats
cat.2273.jpg,cats,cats
cat.2274.jpg,cats,cats
cat.2275.jpg,cats,cats
cat.2276.jpg,cats,cats
cat.2277.jpg,cats,cats
cat.2278.jpg,cats,cats
cat.2279.jpg,cats,cats
cat.2280.jpg,cats,cats
cat.2281.jpg,cats,cats
cat.2282.jpg,cats,cats
cat.2283.jpg,cats,cats
cat.2284.jpg,cats,cats
cat.2285.jpg,cats,cats
cat.2286.jpg,cats,cats
cat.2287.jpg,cats,cats
cat.2288.jpg,cats,cats
cat.2289.jpg,cats,cats
cat.2290.jpg,cats,cats
cat.2291.jpg,cats,cats
cat.2292.jpg,cats,cats
cat.2293.jpg,cats,cats
cat.2294.jpg,cats,cats
cat.2295.jpg,cats,cats
cat.2296.jpg,cats,cats
cat.2297.jpg,cats,cats
cat.2298.jpg,cats,cats
cat.2299.jpg,cats,cats
cat.2300.jpg,cats,cats
cat.2301.jpg,cats,cats
cat.2302.jpg,cats,cats
cat.2303.jpg,cats,cats
cat.2304.jpg,cats,cats
cat.2305.jpg,cats,cats
cat.2306.jpg,cats,cats
cat.2307.jpg,cats,cats
cat.2308.jpg,cats,cats
cat.2309.jpg,cats,cats
cat.2310.jpg,cats,cats
cat.2311.jpg,cats,cats
cat.2312.jpg,cats,cats
cat.2313.jpg,cats,cats
cat.2314.jpg,cats,cats
cat.2315.jpg,cats,cats
cat.2316.jpg,cats,cats
cat.2317.jpg,cats,cats
cat.2318.jpg,cats,cats
cat.2319.jpg,cats,cats
cat.2320.jpg,cats,cats
cat.2321.jpg,cats,cats
cat.2322.jpg,cats,cats
cat.2323.jpg,cats,cats
cat.2324.jpg,cats,cats
cat.2325.jpg,cats,cats
cat.2326.jpg,cats,cats
cat.2327.jpg,cats,dogs
cat.2328.jpg,cats,cats
cat.2329.jpg,cats,cats
cat.2330.jpg,cats,cats
cat.2331.jpg,cats,cats
cat.2332.jpg,cats,cats
cat.2333.jpg,cats,cats
cat.2334.jpg,cats,cats
cat.2335.jpg,cats,cats
cat.2336.jpg,cats,cats
cat.2337.jpg,cats,dogs
cat.2338.jpg,cats,cats
cat.2339.jpg,cats,cats
cat.2340.jpg,cats,cats
cat.2341.jpg,cats,cats
cat.2342.jpg,cats,cats
cat.2343.jpg,cats,cats
cat.2344.jpg,cats,cats
cat.2345.jpg,cats,cats
cat.2346.jpg,cats,cats
cat.2347.jpg,cats,cats
cat.2348.jpg,cats,cats
cat.2349.jpg,cats,cats
cat.2350.jpg,cats,cats
cat.2351.jpg,cats,cats
cat.2352.jpg,cats,cats
cat.2353.jpg,cats,cats
cat.2354.jpg,cats,cats
cat.2355.jpg,cats,dogs
cat.2356.jpg,cats,cats
cat.2357.jpg,cats,cats
cat.2358.jpg,cats,cats
cat.2359.jpg,cats,cats
cat.2360.jpg,cats,cats
cat.2361.jpg,cats,cats
cat.2362.jpg,cats,cats
cat.2363.jpg,cats,cats
cat.2364.jpg,cats,cats
cat.2365.jpg,cats,cats
cat.2366.jpg,cats,cats
cat.2367.jpg,cats,cats
cat.2368.jpg,cats,cats
cat.2369.jpg,cats,cats
cat.2370.jpg,cats,cats
cat.2371.jpg,cats,cats
cat.2372.jpg,cats,cats
cat.2373.jpg,cats,cats
cat.2374.jpg,cats,cats
cat.2375.jpg,cats,cats
cat.2376.jpg,cats,cats
cat.2377.jpg,cats,cats
cat.2378.jpg,cats,cats
cat.2379.jpg,cats,cats
cat.2380.jpg,cats,cats
cat.2381.jpg,cats,cats
cat.2382.jpg,cats,cats
cat.2383.jpg,cats,cats
cat.2384.jpg,cats,dogs
cat.2385.jpg,cats,cats
cat.2386.jpg,cats,cats
cat.2387.jpg,cats,dogs
cat.2388.jpg,cats,cats
cat.2389.jpg,cats,cats
cat.2390.jpg,cats,cats
cat.2391.jpg,cats,dogs
cat.2392.jpg,cats,cats
cat.2393.jpg,cats,cats
cat.2394.jpg,cats,cats
cat.2395.jpg,cats,cats
cat.2396.jpg,cats,cats
cat.2397.jpg,cats,cats
cat.2398.jpg,cats,cats
cat.2399.jpg,cats,cats
cat.2400.jpg,cats,cats
cat.2401.jpg,cats,cats
cat.2402.jpg,cats,cats
cat.2403.jpg,cats,cats
cat.2404.jpg,cats,cats
cat.2405.jpg,cats,cats
cat.2406.jpg,cats,cats
cat.2407.jpg,cats,cats
cat.2408.jpg,cats,cats
cat.2409.jpg,cats,cats
cat.2410.jpg,cats,cats
cat.2411.jpg,cats,cats
cat.2412.jpg,cats,cats
cat.2413.jpg,cats,cats
cat.2414.jpg,cats,cats
cat.2415.jpg,cats,dogs
cat.2416.jpg,cats,cats
cat.2417.jpg,cats,cats
cat.2418.jpg,cats,cats
cat.2419.jpg,cats,cats
cat.2420.jpg,cats,cats
cat.2421.jpg,cats,cats
cat.2422.jpg,cats,dogs
cat.2423.jpg,cats,cats
cat.2424.jpg,cats,cats
cat.2425.jpg,cats,cats
cat.2426.jpg,cats,cats
cat.2427.jpg,cats,cats
cat.2428.jpg,cats,cats
cat.2429.jpg,cats,cats
cat.2430.jpg,cats,cats
cat.2431.jpg,cats,cats
cat.2432.jpg,cats,cats
cat.2433.jpg,cats,dogs
cat.2434.jpg,cats,cats
cat.2435.jpg,cats,cats
cat.2436.jpg,cats,cats
cat.2437.jpg,cats,cats
cat.2438.jpg,cats,cats
cat.2439.jpg,cats,cats
cat.2440.jpg,cats,cats
cat.2441.jpg,cats,cats
cat.2442.jpg,cats,cats
cat.2443.jpg,cats,cats
cat.2444.jpg,cats,cats
cat.2445.jpg,cats,cats
cat.2446.jpg,cats,cats
cat.2447.jpg,cats,cats
cat.2448.jpg,cats,cats
cat.2449.jpg,cats,cats
cat.2450.jpg,cats,cats
cat.2451.jpg,cats,cats
cat.2452.jpg,cats,cats
cat.2453.jpg,cats,cats
cat.2454.jpg,cats,cats
cat.2455.jpg,cats,cats
cat.2456.jpg,cats,cats
cat.2457.jpg,cats,dogs
cat.2458.jpg,cats,cats
cat.2459.jpg,cats,cats
cat.2460.jpg,cats,cats
cat.2461.jpg,cats,cats
cat.2462.jpg,cats,cats
cat.2463.jpg,cats,cats
cat.2464.jpg,cats,cats
cat.2465.jpg,cats,cats
cat.2466.jpg,cats,cats
cat.2467.jpg,cats,cats
cat.2468.jpg,cats,cats
cat.2469.jpg,cats,cats
cat.2470.jpg,cats,cats
cat.2471.jpg,cats,cats
cat.2472.jpg,cats,cats
cat.2473.jpg,cats,cats
cat.2474.jpg,cats,cats
cat.2475.jpg,cats,dogs
cat.2476.jpg,cats,cats
cat.2477.jpg,cats,cats
cat.2478.jpg,cats,cats
cat.2479.jpg,cats,cats
cat.2480.jpg,cats,cats
cat.2481.jpg,cats,cats
cat.2482.jpg,cats,cats
cat.2483.jpg,cats,cats
cat.2484.jpg,cats,cats
cat.2485.jpg,cats,cats
cat.2486.jpg,cats,cats
cat.2487.jpg,cats,cats
cat.2488.jpg,cats,cats
cat.2489.jpg,cats,cats
cat.2490.jpg,cats,cats
cat.2491.jpg,cats,cats
cat.2492.jpg,cats,cats
cat.2493.jpg,cats,cats
cat.2494.jpg,cats,dogs
cat.2495.jpg,cats,cats
cat.2496.jpg,cats,cats
cat.2497.jpg,cats,cats
cat.2498.jpg,cats,cats
cat.2499.jpg,cats,cats
dog.2000.jpg,dogs,dogs
dog.2001.jpg,dogs,dogs
dog.2002.jpg,dogs,dogs
dog.2003.jpg,dogs,dogs
dog.2004.jpg,dogs,dogs
dog.2005.jpg,dogs,dogs
dog.2006.jpg,dogs,dogs
dog.2007.jpg,dogs,dogs
dog.2008.jpg,dogs,dogs
dog.2009.jpg,dogs,cats
dog.2010.jpg,dogs,dogs
dog.2011.jpg,dogs,dogs
dog.2012.jpg,dogs,dogs
dog.2013.jpg,dogs,dogs
dog.2014.jpg,dogs,dogs
dog.2015.jpg,dogs,dogs
dog.2016.jpg,dogs,dogs
dog.2017.jpg,dogs,dogs
dog.2018.jpg,dogs,cats
dog.2019.jpg,dogs,dogs
dog.2020.jpg,dogs,dogs
dog.2021.jpg,dogs,dogs
dog.2022.jpg,dogs,dogs
dog.2023.jpg,dogs,dogs
dog.2024.jpg,dogs,dogs
dog.2025.jpg,dogs,dogs
dog.2026.jpg,dogs,dogs
dog.2027.jpg,dogs,cats
dog.2028.jpg,dogs,dogs
dog.2029.jpg,dogs,dogs
dog.2030.jpg,dogs,dogs
dog.2031.jpg,dogs,dogs
dog.2032.jpg,dogs,dogs
dog.2033.jpg,dogs,dogs
dog.2034.jpg,dogs,dogs
dog.2035.jpg,dogs,dogs
dog.2036.jpg,dogs,dogs
dog.2037.jpg,dogs,dogs
dog.2038.jpg,dogs,dogs
dog.2039.jpg,dogs,dogs
dog.2040.jpg,dogs,dogs
dog.2041.jpg,dogs,dogs
dog.2042.jpg,dogs,dogs
dog.2043.jpg,dogs,dogs
dog.2044.jpg,dogs,dogs
dog.2045.jpg,dogs,dogs
dog.2046.jpg,dogs,dogs
dog.2047.jpg,dogs,dogs
dog.2048.jpg,dogs,dogs
dog.2049.jpg,dogs,dogs
dog.2050.jpg,dogs,dogs
dog.2051.jpg,dogs,dogs
dog.2052.jpg,dogs,dogs
dog.2053.jpg,dogs,dogs
dog.2054.jpg,dogs,dogs
dog.2055.jpg,dogs,dogs
dog.2056.jpg,dogs,dogs
dog.2057.jpg,dogs,cats
dog.2058.jpg,dogs,dogs
dog.2059.jpg,dogs,dogs
dog.2060.jpg,dogs,dogs
dog.2061.jpg,dogs,dogs
dog.2062.jpg,dogs,dogs
dog.2063.jpg,dogs,dogs
dog.2064.jpg,dogs,dogs
dog.2065.jpg,dogs,dogs
dog.2066.jpg,dogs,dogs
dog.2067.jpg,dogs,cats
dog.2068.jpg,dogs,dogs
dog.2069.jpg,dogs,dogs
dog.2070.jpg,dogs,dogs
dog.2071.jpg,dogs,dogs
dog.2072.jpg,dogs,dogs
dog.2073.jpg,dogs,dogs
dog.2074.jpg,dogs,dogs
dog.2075.jpg,dogs,dogs
dog.2076.jpg,dogs,dogs
dog.2077.jpg,dogs,dogs
dog.2078.jpg,dogs,dogs
dog.2079.jpg,dogs,dogs
dog.2080.jpg,dogs,dogs
dog.2081.jpg,dogs,dogs
dog.2082.jpg,dogs,cats
dog.2083.jpg,dogs,dogs
dog.2084.jpg,dogs,dogs
dog.2085.jpg,dogs,dogs
dog.2086.jpg,dogs,dogs
dog.2087.jpg,dogs,dogs
dog.2088.jpg,dogs,dogs
dog.2089.jpg,dogs,dogs
dog.2090.jpg,dogs,dogs
dog.2091.jpg,dogs,dogs
dog.2092.jpg,dogs,cats
dog.2093.jpg,dogs,dogs
dog.2094.jpg,dogs,dogs
dog.2095.jpg,dogs,dogs
dog.2096.jpg,dogs,dogs
dog.2097.jpg,dogs,dogs
dog.2098.jpg,dogs,dogs
dog.2099.jpg,dogs,dogs
dog.2100.jpg,dogs,dogs
dog.2101.jpg,dogs,dogs
dog.2102.jpg,dogs,dogs
dog.2103.jpg,dogs,dogs
dog.2104.jpg,dogs,dogs
dog.2105.jpg,dogs,dogs
dog.2106.jpg,dogs,dogs
dog.2107.jpg,dogs,dogs
dog.2108.jpg,dogs,dogs
dog.2109.jpg,dogs,dogs
dog.2110.jpg,dogs,dogs
dog.2111.jpg,dogs,dogs
dog.2112.jpg,dogs,dogs
dog.2113.jpg,dogs,dogs
dog.2114.jpg,dogs,dogs
dog.2115.jpg,dogs,dogs
dog.2116.jpg,dogs,dogs
dog.2117.jpg,dogs,dogs
dog.2118.jpg,dogs,dogs
dog.2119.jpg,dogs,dogs
dog.2120.jpg,dogs,dogs
dog.2121.jpg,dogs,dogs
dog.2122.jpg,dogs,dogs
dog.2123.jpg,dogs,dogs
dog.2124.jpg,dogs,dogs
dog.2125.jpg,dogs,dogs
dog.2126.jpg,dogs,dogs
dog.2127.jpg,dogs,dogs
dog.2128.jpg,dogs,dogs
dog.2129.jpg,dogs,dogs
dog.2130.jpg,dogs,dogs
dog.2131.jpg,dogs,dogs
dog.2132.jpg,dogs,dogs
dog.2133.jpg,dogs,dogs
dog.2134.jpg,dogs,dogs
dog.2135.jpg,dogs,dogs
dog.2136.jpg,dogs,dogs
dog.2137.jpg,dogs,dogs
dog.2138.jpg,dogs,dogs
dog.2139.jpg,dogs,dogs
dog.2140.jpg,dogs,dogs
dog.2141.jpg,dogs,cats
dog.2142.jpg,dogs,cats
dog.2143.jpg,dogs,dogs
dog.2144.jpg,dogs,dogs
dog.2145.jpg,dogs,dogs
dog.2146.jpg,dogs,dogs
dog.2147.jpg,dogs,dogs
dog.2148.jpg,dogs,dogs
dog.2149.jpg,dogs,dogs
dog.2150.jpg,dogs,dogs
dog.2151.jpg,dogs,dogs
dog.2152.jpg,dogs,dogs
dog.2153.jpg,dogs,dogs
dog.2154.jpg,dogs,dogs
dog.2155.jpg,dogs,dogs
dog.2156.jpg,dogs,dogs
dog.2157.jpg,dogs,dogs
dog.2158.jpg,dogs,dogs
dog.2159.jpg,dogs,dogs
dog.2160.jpg,dogs,dogs
dog.2161.jpg,dogs,dogs
dog.2162.jpg,dogs,dogs
dog.2163.jpg,dogs,dogs
dog.2164.jpg,dogs,dogs
dog.2165.jpg,dogs,dogs
dog.2166.jpg,dogs,dogs
dog.2167.jpg,dogs,dogs
dog.2168.jpg,dogs,dogs
dog.2169.jpg,dogs,dogs
dog.2170.jpg,dogs,dogs
dog.2171.jpg,dogs,dogs
dog.2172.jpg,dogs,dogs
dog.2173.jpg,dogs,dogs
dog.2174.jpg,dogs,dogs
dog.2175.jpg,dogs,dogs
dog.2176.jpg,dogs,dogs
dog.2177.jpg,dogs,dogs
dog.2178.jpg,dogs,dogs
dog.2179.jpg,dogs,dogs
dog.2180.jpg,dogs,dogs
dog.2181.jpg,dogs,dogs
dog.2182.jpg,dogs,dogs
dog.2183.jpg,dogs,dogs
dog.2184.jpg,dogs,dogs
dog.2185.jpg,dogs,dogs
dog.2186.jpg,dogs,dogs
dog.2187.jpg,dogs,dogs
dog.2188.jpg,dogs,dogs
dog.2189.jpg,dogs,dogs
dog.2190.jpg,dogs,cats
dog.2191.jpg,dogs,dogs
dog.2192.jpg,dogs,dogs
dog.2193.jpg,dogs,dogs
dog.2194.jpg,dogs,dogs
dog.2195.jpg,dogs,dogs
dog.2196.jpg,dogs,dogs
dog.2197.jpg,dogs,dogs
dog.2198.jpg,dogs,dogs
dog.2199.jpg,dogs,dogs
dog.2200.jpg,dogs,dogs
dog.2201.jpg,dogs,dogs
dog.2202.jpg,dogs,dogs
dog.2203.jpg,dogs,dogs
dog.2204.jpg,dogs,dogs
dog.2205.jpg,dogs,dogs
dog.2206.jpg,dogs,dogs
dog.2207.jpg,dogs,dogs
dog.2208.jpg,dogs,dogs
dog.2209.jpg,dogs,dogs
dog.2210.jpg,dogs,dogs
dog.2211.jpg,dogs,dogs
dog.2212.jpg,dogs,dogs
dog.2213.jpg,dogs,dogs
dog.2214.jpg,dogs,dogs
dog.2215.jpg,dogs,dogs
dog.2216.jpg,dogs,dogs
dog.2217.jpg,dogs,dogs
dog.2218.jpg,dogs,dogs
dog.2219.jpg,dogs,dogs
dog.2220.jpg,dogs,dogs
dog.2221.jpg,dogs,dogs
dog.2222.jpg,dogs,dogs
dog.2223.jpg,dogs,dogs
dog.2224.jpg,dogs,dogs
dog.2225.jpg,dogs,dogs
dog.2226.jpg,dogs,dogs
dog.2227.jpg,dogs,dogs
dog.2228.jpg,dogs,dogs
dog.2229.jpg,dogs,dogs
dog.2230.jpg,dogs,dogs
dog.2231.jpg,dogs,dogs
dog.2232.jpg,dogs,dogs
dog.2233.jpg,dogs,dogs
dog.2234.jpg,dogs,dogs
dog.2235.jpg,dogs,dogs
dog.2236.jpg,dogs,dogs
dog.2237.jpg,dogs,dogs
dog.2238.jpg,dogs,dogs
dog.2239.jpg,dogs,dogs
dog.2240.jpg,dogs,dogs
dog.2241.jpg,dogs,dogs
dog.2242.jpg,dogs,dogs
dog.2243.jpg,dogs,dogs
dog.2244.jpg,dogs,dogs
dog.2245.jpg,dogs,dogs
dog.2246.jpg,dogs,dogs
dog.2247.jpg,dogs,dogs
dog.2248.jpg,dogs,dogs
dog.2249.jpg,dogs,dogs
dog.2250.jpg,dogs,dogs
dog.2251.jpg,dogs,dogs
dog.2252.jpg,dogs,dogs
dog.2253.jpg,dogs,dogs
dog.2254.jpg,dogs,dogs
dog.2255.jpg,dogs,dogs
dog.2256.jpg,dogs,dogs
dog.2257.jpg,dogs,dogs
dog.2258.jpg,dogs,dogs
dog.2259.jpg,dogs,cats
dog.2260.jpg,dogs,dogs
dog.2261.jpg,dogs,dogs
dog.2262.jpg,dogs,dogs
dog.2263.jpg,dogs,dogs
dog.2264.jpg,dogs,dogs
dog.2265.jpg,dogs,dogs
dog.2266.jpg,dogs,dogs
dog.2267.jpg,dogs,dogs
dog.2268.jpg,dogs,dogs
dog.2269.jpg,dogs,dogs
dog.2270.jpg,dogs,dogs
dog.2271.jpg,dogs,dogs
dog.2272.jpg,dogs,dogs
dog.2273.jpg,dogs,dogs
dog.2274.jpg,dogs,dogs
dog.2275.jpg,dogs,dogs
dog.2276.jpg,dogs,dogs
dog.2277.jpg,dogs,dogs
dog.2278.jpg,dogs,dogs
dog.2279.jpg,dogs,dogs
dog.2280.jpg,dogs,dogs
dog.2281.jpg,dogs,dogs
dog.2282.jpg,dogs,dogs
dog.2283.jpg,dogs,dogs
dog.2284.jpg,dogs,dogs
dog.2285.jpg,dogs,dogs
dog.2286.jpg,dogs,dogs
dog.2287.jpg,dogs,cats
dog.2288.jpg,dogs,dogs
dog.2289.jpg,dogs,dogs
dog.2290.jpg,dogs,dogs
dog.2291.jpg,dogs,dogs
dog.2292.jpg,dogs,dogs
dog.2293.jpg,dogs,dogs
dog.2294.jpg,dogs,dogs
dog.2295.jpg,dogs,cats
dog.2296.jpg,dogs,dogs
dog.2297.jpg,dogs,dogs
dog.2298.jpg,dogs,dogs
dog.2299.jpg,dogs,dogs
dog.2300.jpg,dogs,dogs
dog.2301.jpg,dogs,dogs
dog.2302.jpg,dogs,dogs
dog.2303.jpg,dogs,dogs
dog.2304.jpg,dogs,dogs
dog.2305.jpg,dogs,dogs
dog.2306.jpg,dogs,dogs
dog.2307.jpg,dogs,cats
dog.2308.jpg,dogs,dogs
dog.2309.jpg,dogs,dogs
dog.2310.jpg,dogs,dogs
dog.2311.jpg,dogs,dogs
dog.2312.jpg,dogs,dogs
dog.2313.jpg,dogs,dogs
dog.2314.jpg,dogs,dogs
dog.2315.jpg,dogs,cats
dog.2316.jpg,dogs,dogs
dog.2317.jpg,dogs,dogs
dog.2318.jpg,dogs,cats
dog.2319.jpg,dogs,dogs
dog.2320.jpg,dogs,dogs
dog.2321.jpg,dogs,dogs
dog.2322.jpg,dogs,dogs
dog.2323.jpg,dogs,dogs
dog.2324.jpg,dogs,dogs
dog.2325.jpg,dogs,dogs
dog.2326.jpg,dogs,dogs
dog.2327.jpg,dogs,dogs
dog.2328.jpg,dogs,dogs
dog.2329.jpg,dogs,dogs
dog.2330.jpg,dogs,dogs
dog.2331.jpg,dogs,dogs
dog.2332.jpg,dogs,dogs
dog.2333.jpg,dogs,dogs
dog.2334.jpg,dogs,dogs
dog.2335.jpg,dogs,dogs
dog.2336.jpg,dogs,dogs
dog.2337.jpg,dogs,dogs
dog.2338.jpg,dogs,dogs
dog.2339.jpg,dogs,cats
dog.2340.jpg,dogs,dogs
dog.2341.jpg,dogs,dogs
dog.2342.jpg,dogs,dogs
dog.2343.jpg,dogs,dogs
dog.2344.jpg,dogs,dogs
dog.2345.jpg,dogs,dogs
dog.2346.jpg,dogs,dogs
dog.2347.jpg,dogs,dogs
dog.2348.jpg,dogs,dogs
dog.2349.jpg,dogs,dogs
dog.2350.jpg,dogs,cats
dog.2351.jpg,dogs,dogs
dog.2352.jpg,dogs,dogs
dog.2353.jpg,dogs,dogs
dog.2354.jpg,dogs,dogs
dog.2355.jpg,dogs,dogs
dog.2356.jpg,dogs,dogs
dog.2357.jpg,dogs,dogs
dog.2358.jpg,dogs,dogs
dog.2359.jpg,dogs,dogs
dog.2360.jpg,dogs,cats
dog.2361.jpg,dogs,dogs
dog.2362.jpg,dogs,cats
dog.2363.jpg,dogs,dogs
dog.2364.jpg,dogs,dogs
dog.2365.jpg,dogs,dogs
dog.2366.jpg,dogs,dogs
dog.2367.jpg,dogs,dogs
dog.2368.jpg,dogs,dogs
dog.2369.jpg,dogs,dogs
dog.2370.jpg,dogs,dogs
dog.2371.jpg,dogs,dogs
dog.2372.jpg,dogs,dogs
dog.2373.jpg,dogs,dogs
dog.2374.jpg,dogs,dogs
dog.2375.jpg,dogs,dogs
dog.2376.jpg,dogs,dogs
dog.2377.jpg,dogs,dogs
dog.2378.jpg,dogs,dogs
dog.2379.jpg,dogs,dogs
dog.2380.jpg,dogs,dogs
dog.2381.jpg,dogs,dogs
dog.2382.jpg,dogs,dogs
dog.2383.jpg,dogs,dogs
dog.2384.jpg,dogs,dogs
dog.2385.jpg,dogs,dogs
dog.2386.jpg,dogs,dogs
dog.2387.jpg,dogs,dogs
dog.2388.jpg,dogs,dogs
dog.2389.jpg,dogs,dogs
dog.2390.jpg,dogs,dogs
dog.2391.jpg,dogs,dogs
dog.2392.jpg,dogs,dogs
dog.2393.jpg,dogs,dogs
dog.2394.jpg,dogs,dogs
dog.2395.jpg,dogs,dogs
dog.2396.jpg,dogs,dogs
dog.2397.jpg,dogs,cats
dog.2398.jpg,dogs,dogs
dog.2399.jpg,dogs,dogs
dog.2400.jpg,dogs,dogs
dog.2401.jpg,dogs,dogs
dog.2402.jpg,dogs,dogs
dog.2403.jpg,dogs,dogs
dog.2404.jpg,dogs,dogs
dog.2405.jpg,dogs,dogs
dog.2406.jpg,dogs,dogs
dog.2407.jpg,dogs,dogs
dog.2408.jpg,dogs,dogs
dog.2409.jpg,dogs,dogs
dog.2410.jpg,dogs,dogs
dog.2411.jpg,dogs,dogs
dog.2412.jpg,dogs,dogs
dog.2413.jpg,dogs,dogs
dog.2414.jpg,dogs,dogs
dog.2415.jpg,dogs,dogs
dog.2416.jpg,dogs,dogs
dog.2417.jpg,dogs,dogs
dog.2418.jpg,dogs,dogs
dog.2419.jpg,dogs,dogs
dog.2420.jpg,dogs,dogs
dog.2421.jpg,dogs,dogs
dog.2422.jpg,dogs,dogs
dog.2423.jpg,dogs,dogs
dog.2424.jpg,dogs,dogs
dog.2425.jpg,dogs,dogs
dog.2426.jpg,dogs,dogs
dog.2427.jpg,dogs,dogs
dog.2428.jpg,dogs,dogs
dog.2429.jpg,dogs,dogs
dog.2430.jpg,dogs,dogs
dog.2431.jpg,dogs,dogs
dog.2432.jpg,dogs,dogs
dog.2433.jpg,dogs,dogs
dog.2434.jpg,dogs,dogs
dog.2435.jpg,dogs,dogs
dog.2436.jpg,dogs,dogs
dog.2437.jpg,dogs,dogs
dog.2438.jpg,dogs,dogs
dog.2439.jpg,dogs,dogs
dog.2440.jpg,dogs,dogs
dog.2441.jpg,dogs,dogs
dog.2442.jpg,dogs,dogs
dog.2443.jpg,dogs,dogs
dog.2444.jpg,dogs,dogs
dog.2445.jpg,dogs,dogs
dog.2446.jpg,dogs,dogs
dog.2447.jpg,dogs,dogs
dog.2448.jpg,dogs,dogs
dog.2449.jpg,dogs,dogs
dog.2450.jpg,dogs,dogs
dog.2451.jpg,dogs,dogs
dog.2452.jpg,dogs,dogs
dog.2453.jpg,dogs,dogs
dog.2454.jpg,dogs,dogs
dog.2455.jpg,dogs,dogs
dog.2456.jpg,dogs,dogs
dog.2457.jpg,dogs,dogs
dog.2458.jpg,dogs,dogs
dog.2459.jpg,dogs,dogs
dog.2460.jpg,dogs,dogs
dog.2461.jpg,dogs,dogs
dog.2462.jpg,dogs,dogs
dog.2463.jpg,dogs,dogs
dog.2464.jpg,dogs,dogs
dog.2465.jpg,dogs,dogs
dog.2466.jpg,dogs,dogs
dog.2467.jpg,dogs,dogs
dog.2468.jpg,dogs,dogs
dog.2469.jpg,dogs,dogs
dog.2470.jpg,dogs,dogs
dog.2471.jpg,dogs,dogs
dog.2472.jpg,dogs,dogs
dog.2473.jpg,dogs,dogs
dog.2474.jpg,dogs,dogs
dog.2475.jpg,dogs,dogs
dog.2476.jpg,dogs,dogs
dog.2477.jpg,dogs,dogs
dog.2478.jpg,dogs,cats
dog.2479.jpg,dogs,dogs
dog.2480.jpg,dogs,dogs
dog.2481.jpg,dogs,dogs
dog.2482.jpg,dogs,cats
dog.2483.jpg,dogs,dogs
dog.2484.jpg,dogs,dogs
dog.2485.jpg,dogs,dogs
dog.2486.jpg,dogs,dogs
dog.2487.jpg,dogs,dogs
dog.2488.jpg,dogs,dogs
dog.2489.jpg,dogs,dogs
dog.2490.jpg,dogs,dogs
dog.2491.jpg,dogs,dogs
dog.2492.jpg,dogs,dogs
dog.2493.jpg,dogs,dogs
dog.2494.jpg,dogs,dogs
dog.2495.jpg,dogs,dogs
dog.2496.jpg,dogs,dogs
dog.2497.jpg,dogs,dogs
dog.2498.jpg,dogs,dogs
dog.2499.jpg,dogs,dogs
